{
  "$schema": "https://biomejs.dev/schemas/1.5.3/schema.json",
  "files": {
    "ignore": [
      "tsconfig.json",
      "tsconfig.*.json",
      "packages/tsconfig",
      "frame-host/src/comlink",
      "packages/create-mini-app/templates",
      "package.json",
      "**/esm",
      "**/dist"
    ]
  },
  "organizeImports": {
    "enabled": true
  },
  "formatter": {
    "enabled": true,
    "indentStyle": "space",
    "indentWidth": 2
  },
  "linter": {
    "enabled": true,
    "rules": {
      "recommended": true,
      "complexity": {
        "noBannedTypes": "off"
      },
      "performance": {
        "noDelete": "off"
      },
      "style": {
        "noNonNullAssertion": "off",
        "useTemplate": "off"
      },
      "suspicious": {
        "noAssignInExpressions": "off",
        "noConsoleLog": "error",
        "noExplicitAny": "off",
        "noShadowRestrictedNames": "off"
      }
    }
  },
  "javascript": {
    "formatter": {
      "quoteStyle": "single",
      "trailingCommas": "all",
      "semicolons": "asNeeded"
    }
  },
  "vcs": {
    "enabled": true,
    "clientKind": "git",
    "useIgnoreFile": true
  }
}
